Date,AAPL
2023-01-03,123.90463256835938
2023-01-04,125.18260955810547
2023-01-05,123.85509490966797
2023-01-06,128.4122314453125
2023-01-09,128.9373016357422
2023-01-10,129.51190185546875
2023-01-11,132.24620056152344
2023-01-12,132.16693115234375
2023-01-13,133.5043487548828
2023-01-17,134.67337036132812
2023-01-18,133.95013427734375
2023-01-19,134.00958251953125
2023-01-20,136.58535766601562
2023-01-23,139.79518127441406
2023-01-24,141.2019500732422
2023-01-25,140.53817749023438
2023-01-26,142.61865234375
2023-01-27,144.57025146484375
2023-01-30,141.6675567626953
2023-01-31,142.94554138183594
2023-02-01,144.07492065429688
2023-02-02,149.41470336914062
2023-02-03,153.06040954589844
2023-02-06,150.31622314453125
2023-02-07,153.20901489257812
2023-02-08,150.5044403076172
2023-02-09,149.46421813964844
2023-02-10,149.83132934570312
2023-02-13,152.64918518066406
2023-02-14,152.00424194335938
2023-02-15,154.11761474609375
2023-02-16,152.51026916503906
2023-02-17,151.3593292236328
2023-02-21,147.3210906982422
2023-02-22,147.74774169921875
2023-02-23,148.23390197753906
2023-02-24,145.56492614746094
2023-02-27,146.7654571533203
2023-02-28,146.25942993164062
2023-03-01,144.1758270263672
2023-03-02,144.7711639404297
2023-03-03,149.8511962890625
2023-03-06,152.6293487548828
2023-03-07,150.416748046875
2023-03-08,151.67681884765625
2023-03-09,149.4146270751953
2023-03-10,147.34092712402344
2023-03-13,149.29556274414062
2023-03-14,151.39901733398438
2023-03-15,151.79588317871094
2023-03-16,154.63357543945312
2023-03-17,153.7902069091797
2023-03-20,156.1714630126953
2023-03-21,158.03680419921875
2023-03-22,156.59812927246094
2023-03-23,157.6895294189453
2023-03-24,158.99923706054688
2023-03-27,157.0446014404297
2023-03-28,156.41949462890625
2023-03-29,159.51516723632812
2023-03-30,161.09275817871094
2023-03-31,163.6129150390625
2023-04-03,164.87301635742188
2023-04-04,164.3372344970703
2023-04-05,162.48182678222656
2023-04-06,163.37481689453125
2023-04-10,160.7653350830078
2023-04-11,159.54493713378906
2023-04-12,158.8503875732422
2023-04-13,164.26776123046875
2023-04-14,163.92050170898438
2023-04-17,163.9403533935547
2023-04-18,165.1707000732422
2023-04-19,166.32164001464844
2023-04-20,165.34927368164062
2023-04-21,163.7320098876953
2023-04-24,164.03958129882812
2023-04-25,162.4917449951172
2023-04-26,162.48182678222656
2023-04-27,167.09556579589844
2023-04-28,168.35562133789062
2023-05-01,168.266357421875
2023-05-02,167.22450256347656
2023-05-03,166.14300537109375
2023-05-04,164.4959716796875
2023-05-05,172.21527099609375
2023-05-08,172.1457977294922
2023-05-09,170.4293212890625
2023-05-10,172.20535278320312
2023-05-11,172.3938446044922
2023-05-12,171.4599151611328
2023-05-15,170.963134765625
2023-05-16,170.963134765625
2023-05-17,171.57913208007812
2023-05-18,173.92396545410156
2023-05-19,174.0332489013672
2023-05-22,173.0794219970703
2023-05-23,170.4564208984375
2023-05-24,170.73460388183594
2023-05-25,171.877197265625
2023-05-26,174.30148315429688
2023-05-30,176.1594696044922
2023-05-31,176.1097869873047
2023-06-01,178.9315185546875
2023-06-02,179.78598022460938
2023-06-05,178.42478942871094
2023-06-06,178.0571746826172
2023-06-07,176.67613220214844
2023-06-08,179.408447265625
2023-06-09,179.79592895507812
2023-06-12,182.6077117919922
2023-06-13,182.13082885742188
2023-06-14,182.76669311523438
2023-06-15,184.81344604492188
2023-06-16,183.73045349121094
2023-06-20,183.8198699951172
2023-06-21,182.77664184570312
2023-06-22,185.7970733642578
2023-06-23,185.4791259765625
2023-06-26,184.07821655273438
2023-06-27,186.85025024414062
2023-06-28,188.0325927734375
2023-06-29,188.3704071044922
2023-06-30,192.72225952148438
2023-07-03,191.2219696044922
2023-07-05,190.0992431640625
2023-07-06,190.5761260986328
2023-07-07,189.45339965820312
2023-07-10,187.396728515625
2023-07-11,186.87014770507812
2023-07-12,188.54925537109375
2023-07-13,189.3142852783203
2023-07-14,189.4633331298828
2023-07-17,192.7421112060547
2023-07-18,192.48377990722656
2023-07-19,193.844970703125
2023-07-20,191.8876495361328
2023-07-21,190.705322265625
2023-07-24,191.5100860595703
2023-07-25,192.37449645996094
2023-07-26,193.24884033203125
2023-07-27,191.97705078125
2023-07-28,194.57028198242188
2023-07-31,195.18629455566406
2023-08-01,194.3516845703125
2023-08-02,191.34117126464844
2023-08-03,189.9402618408203
2023-08-04,180.81932067871094
2023-08-07,177.69949340820312
2023-08-08,178.6433868408203
2023-08-09,177.04373168945312
2023-08-10,176.82518005371094
2023-08-11,176.88487243652344
2023-08-14,178.54637145996094
2023-08-15,176.54660034179688
2023-08-16,175.67108154296875
2023-08-17,173.11416625976562
2023-08-18,173.60166931152344
2023-08-21,174.9447784423828
2023-08-22,176.32769775390625
2023-08-23,180.1979217529297
2023-08-24,175.48202514648438
2023-08-25,177.70068359375
2023-08-28,179.27264404296875
2023-08-29,183.18263244628906
2023-08-30,186.69467163085938
2023-08-31,186.91354370117188
2023-09-01,188.49545288085938
2023-09-05,188.73422241210938
2023-09-06,181.9788055419922
2023-09-07,176.65603637695312
2023-09-08,177.2728729248047
2023-09-11,178.44688415527344
2023-09-12,175.40243530273438
2023-09-13,173.3230743408203
2023-09-14,174.84532165527344
2023-09-15,174.11900329589844
2023-09-18,177.06394958496094
2023-09-19,178.15834045410156
2023-09-20,174.59657287597656
2023-09-21,173.0445098876953
2023-09-22,173.90011596679688
2023-09-25,175.18356323242188
2023-09-26,171.0845489501953
2023-09-27,169.5623016357422
2023-09-28,169.82101440429688
2023-09-29,170.33836364746094
2023-10-02,172.8654327392578
2023-10-03,171.52230834960938
2023-10-04,172.77589416503906
2023-10-05,174.01953125
2023-10-06,176.58641052246094
2023-10-09,178.07875061035156
2023-10-10,177.4818115234375
2023-10-11,178.88462829589844
2023-10-12,179.79000854492188
2023-10-13,177.93946838378906
2023-10-16,177.8101348876953
2023-10-17,176.24810791015625
2023-10-18,174.9447784423828
2023-10-19,174.56674194335938
2023-10-20,171.99986267089844
2023-10-23,172.1192626953125
2023-10-24,172.5570068359375
2023-10-25,170.22894287109375
2023-10-26,166.04037475585938
2023-10-27,167.36358642578125
2023-10-30,169.42303466796875
2023-10-31,169.90060424804688
2023-11-01,173.0843048095703
2023-11-02,176.66600036621094
2023-11-03,175.7506561279297
2023-11-06,178.31752014160156
2023-11-07,180.89434814453125
2023-11-08,181.95889282226562
2023-11-09,181.4813232421875
2023-11-10,185.69534301757812
2023-11-13,184.10140991210938
2023-11-14,186.73141479492188
2023-11-15,187.29925537109375
2023-11-16,188.99285888671875
2023-11-17,188.97291564941406
2023-11-20,190.72625732421875
2023-11-21,189.91932678222656
2023-11-22,190.5867919921875
2023-11-24,189.25186157226562
2023-11-27,189.07252502441406
2023-11-28,189.6802215576172
2023-11-29,188.65411376953125
2023-11-30,189.23191833496094
2023-12-01,190.51705932617188
2023-12-04,188.71389770507812
2023-12-05,192.68881225585938
2023-12-06,191.59298706054688
2023-12-07,193.53561401367188
2023-12-08,194.97015380859375
2023-12-11,192.44970703125
2023-12-12,193.9739532470703
2023-12-13,197.21165466308594
2023-12-14,197.361083984375
2023-12-15,196.82313537597656
2023-12-18,195.14947509765625
2023-12-19,196.1955108642578
2023-12-20,194.09349060058594
2023-12-21,193.94403076171875
2023-12-22,192.86814880371094
2023-12-26,192.32022094726562
2023-12-27,192.41983032226562
2023-12-28,192.84820556640625
2023-12-29,191.8021697998047
